{"cameraMode":{"drawMode":0,"name":"Shaded","section":"Shading Mode"},"sceneLighting":false,"audioPlay":false,"sceneViewState":{"showFog":true,"showMaterialUpdate":false,"showSkybox":true,"showFlares":true,"showImageEffects":true,"showParticleSystems":true},"in2DMode":false,"pivot":{"x":-4.165627479553223,"y":1.5999999046325684,"z":0.49190109968185427},"rotation":{"x":0.5553842782974243,"y":-0.15805886685848237,"z":0.10848225653171539,"w":0.8091954588890076},"size":5.452398777008057,"orthographic":false}