{"cameraMode":{"drawMode":0,"name":"Shaded","section":"Shading Mode"},"sceneLighting":true,"audioPlay":false,"sceneViewState":{"showFog":true,"showMaterialUpdate":false,"showSkybox":true,"showFlares":true,"showImageEffects":true,"showParticleSystems":true},"in2DMode":false,"pivot":{"x":-3.090747833251953,"y":-1.3329720497131348,"z":-0.2570376396179199},"rotation":{"x":0.12325822561979294,"y":-0.5834354758262634,"z":0.09015370160341263,"w":0.7976733446121216},"size":25.835350036621095,"orthographic":false}