{"cameraMode":{"drawMode":0,"name":"Shaded","section":"Shading Mode"},"sceneLighting":false,"audioPlay":false,"sceneViewState":{"showFog":true,"showMaterialUpdate":false,"showSkybox":true,"showFlares":true,"showImageEffects":true,"showParticleSystems":true},"in2DMode":false,"pivot":{"x":-0.48100000619888308,"y":0.9960000514984131,"z":103.9020004272461},"rotation":{"x":0.05107813701033592,"y":-0.9486342668533325,"z":0.20846056938171388,"w":0.23243984580039979},"size":2.8578836917877199,"orthographic":false}