{"cameraMode":{"drawMode":0,"name":"Shaded","section":"Shading Mode"},"sceneLighting":false,"audioPlay":false,"sceneViewState":{"showFog":true,"showMaterialUpdate":false,"showSkybox":true,"showFlares":true,"showImageEffects":true,"showParticleSystems":true},"in2DMode":false,"pivot":{"x":-4.3339314460754398,"y":0.6477723121643066,"z":1.6581387519836426},"rotation":{"x":0.30494070053100588,"y":-0.059377215802669528,"z":0.019052810966968538,"w":0.9503275752067566},"size":3.5002036094665529,"orthographic":false}