{"cameraMode":{"drawMode":0,"name":"Shaded","section":"Shading Mode"},"sceneLighting":false,"audioPlay":false,"sceneViewState":{"showFog":true,"showMaterialUpdate":false,"showSkybox":true,"showFlares":true,"showImageEffects":true,"showParticleSystems":true},"in2DMode":false,"pivot":{"x":2.57559871673584,"y":1.134696125984192,"z":-0.001337885856628418},"rotation":{"x":0.1109265610575676,"y":-0.7993314862251282,"z":0.15564259886741639,"w":0.5696840286254883},"size":5.417420387268066,"orthographic":false}