{"cameraMode":{"drawMode":0,"name":"Shaded","section":"Shading Mode"},"sceneLighting":false,"audioPlay":false,"sceneViewState":{"showFog":true,"showMaterialUpdate":false,"showSkybox":true,"showFlares":true,"showImageEffects":true,"showParticleSystems":true},"in2DMode":false,"pivot":{"x":1.907036304473877,"y":0.6731618046760559,"z":-0.4880962371826172},"rotation":{"x":0.06873069703578949,"y":-0.5498211979866028,"z":0.045463450253009799,"w":0.8312075138092041},"size":5.198507785797119,"orthographic":false}