{"cameraMode":{"drawMode":0,"name":"Shaded","section":"Shading Mode"},"sceneLighting":false,"audioPlay":false,"sceneViewState":{"showFog":true,"showMaterialUpdate":false,"showSkybox":true,"showFlares":true,"showImageEffects":true,"showParticleSystems":true},"in2DMode":false,"pivot":{"x":-4.507492542266846,"y":-1.9704313278198243,"z":7.027518272399902},"rotation":{"x":0.26793035864830019,"y":-0.04131554812192917,"z":0.011501099914312363,"w":0.962483286857605},"size":12.979002952575684,"orthographic":false}