{"cameraMode":{"drawMode":0,"name":"Shaded","section":"Shading Mode"},"sceneLighting":false,"audioPlay":false,"sceneViewState":{"showFog":true,"showMaterialUpdate":false,"showSkybox":true,"showFlares":true,"showImageEffects":true,"showParticleSystems":true},"in2DMode":false,"pivot":{"x":2.8722000122070314,"y":0.7893484830856323,"z":-0.8942511081695557},"rotation":{"x":0.29994988441467287,"y":-0.5048856735229492,"z":0.19263873994350434,"w":0.7861366868019104},"size":2.198507308959961,"orthographic":false}