{"cameraMode":{"drawMode":0,"name":"Shaded","section":"Shading Mode"},"sceneLighting":false,"audioPlay":false,"sceneViewState":{"showFog":true,"showMaterialUpdate":false,"showSkybox":true,"showFlares":true,"showImageEffects":true,"showParticleSystems":true},"in2DMode":false,"pivot":{"x":-4.538752555847168,"y":1.6100000143051148,"z":-1.4718598127365113},"rotation":{"x":0.5553842782974243,"y":-0.15805886685848237,"z":0.10848225653171539,"w":0.8091954588890076},"size":3.78816294670105,"orthographic":false}