{"cameraMode":{"drawMode":0,"name":"Shaded","section":"Shading Mode"},"sceneLighting":false,"audioPlay":false,"sceneViewState":{"showFog":true,"showMaterialUpdate":false,"showSkybox":true,"showFlares":true,"showImageEffects":true,"showParticleSystems":true},"in2DMode":false,"pivot":{"x":-0.002555668354034424,"y":0.04301959276199341,"z":-0.0210646390914917},"rotation":{"x":0.05107813701033592,"y":-0.9486342668533325,"z":0.20846056938171388,"w":0.23243984580039979},"size":1.5400004386901856,"orthographic":false}