{"cameraMode":{"drawMode":0,"name":"Shaded","section":"Shading Mode"},"sceneLighting":true,"audioPlay":false,"sceneViewState":{"showFog":true,"showMaterialUpdate":false,"showSkybox":true,"showFlares":true,"showImageEffects":true,"showParticleSystems":true},"in2DMode":false,"pivot":{"x":-0.7004222869873047,"y":-3.5313796997070314,"z":0.44048595428466799},"rotation":{"x":0.4203902781009674,"y":0.4134906828403473,"z":-0.2240159958600998,"w":0.7759602665901184},"size":20.2407283782959,"orthographic":false}