{"cameraMode":{"drawMode":0,"name":"Shaded","section":"Shading Mode"},"sceneLighting":false,"audioPlay":false,"sceneViewState":{"showFog":true,"showMaterialUpdate":false,"showSkybox":true,"showFlares":true,"showImageEffects":true,"showParticleSystems":true},"in2DMode":false,"pivot":{"x":-0.7469453811645508,"y":1.5990999937057496,"z":-0.21736454963684083},"rotation":{"x":0.4203902781009674,"y":0.4134906828403473,"z":-0.2240159958600998,"w":0.7759602665901184},"size":5.505882263183594,"orthographic":false}