{"cameraMode":{"drawMode":0,"name":"Shaded","section":"Shading Mode"},"sceneLighting":true,"audioPlay":false,"sceneViewState":{"showFog":true,"showMaterialUpdate":false,"showSkybox":true,"showFlares":true,"showImageEffects":true,"showParticleSystems":true},"in2DMode":false,"pivot":{"x":600.309326171875,"y":346.9903869628906,"z":16.01617431640625},"rotation":{"x":0.02280261181294918,"y":-0.02099776826798916,"z":0.0004789922677446157,"w":0.9995193481445313},"size":730.6432495117188,"orthographic":false}