{"cameraMode":{"drawMode":0,"name":"Shaded","section":"Shading Mode"},"sceneLighting":false,"audioPlay":false,"sceneViewState":{"showFog":true,"showMaterialUpdate":false,"showSkybox":true,"showFlares":true,"showImageEffects":true,"showParticleSystems":true},"in2DMode":false,"pivot":{"x":-4.305522441864014,"y":1.387580394744873,"z":0.22226250171661378},"rotation":{"x":0.5553842782974243,"y":-0.15805886685848237,"z":0.10848225653171539,"w":0.8091954588890076},"size":5.000204086303711,"orthographic":false}