{"cameraMode":{"drawMode":0,"name":"Shaded","section":"Shading Mode"},"sceneLighting":false,"audioPlay":false,"sceneViewState":{"showFog":true,"showMaterialUpdate":false,"showSkybox":true,"showFlares":true,"showImageEffects":true,"showParticleSystems":true},"in2DMode":false,"pivot":{"x":1.8822567462921143,"y":0.8356501460075378,"z":-0.7782224416732788},"rotation":{"x":0.29994988441467287,"y":-0.5048856735229492,"z":0.19263873994350434,"w":0.7861366868019104},"size":2.922816514968872,"orthographic":false}