{"cameraMode":{"drawMode":0,"name":"Shaded","section":"Shading Mode"},"sceneLighting":false,"audioPlay":false,"sceneViewState":{"showFog":true,"showMaterialUpdate":false,"showSkybox":true,"showFlares":true,"showImageEffects":true,"showParticleSystems":true},"in2DMode":false,"pivot":{"x":1.2200000286102296,"y":1.5299999713897706,"z":-0.48000001907348635},"rotation":{"x":0.29994988441467287,"y":-0.5048856735229492,"z":0.19263873994350434,"w":0.7861366868019104},"size":2.8578836917877199,"orthographic":false}