{"cameraMode":{"drawMode":0,"name":"Shaded","section":"Shading Mode"},"sceneLighting":false,"audioPlay":false,"sceneViewState":{"showFog":true,"showMaterialUpdate":false,"showSkybox":true,"showFlares":true,"showImageEffects":true,"showParticleSystems":true},"in2DMode":false,"pivot":{"x":1.059999942779541,"y":1.0169999599456788,"z":103.88999938964844},"rotation":{"x":0.29994988441467287,"y":-0.5048856735229492,"z":0.19263873994350434,"w":0.7861366868019104},"size":2.22743821144104,"orthographic":false}