{"cameraMode":{"drawMode":0,"name":"Shaded","section":"Shading Mode"},"sceneLighting":false,"audioPlay":false,"sceneViewState":{"showFog":true,"showMaterialUpdate":false,"showSkybox":true,"showFlares":true,"showImageEffects":true,"showParticleSystems":true},"in2DMode":false,"pivot":{"x":2.214963912963867,"y":-0.6826142072677612,"z":-2.97766375541687},"rotation":{"x":-0.07685405015945435,"y":-0.9216556549072266,"z":0.24025273323059083,"w":-0.2948269844055176},"size":3.578728199005127,"orthographic":false}