{"cameraMode":{"drawMode":0,"name":"Shaded","section":"Shading Mode"},"sceneLighting":false,"audioPlay":false,"sceneViewState":{"showFog":true,"showMaterialUpdate":false,"showSkybox":true,"showFlares":true,"showImageEffects":true,"showParticleSystems":true},"in2DMode":false,"pivot":{"x":-4.981549263000488,"y":0.9951062202453613,"z":1.5860185623168946},"rotation":{"x":0.23828840255737306,"y":-0.45056042075157168,"z":0.12615284323692323,"w":0.8510578870773315},"size":5.452398777008057,"orthographic":false}